transaction_id,customer_id,transaction_date,amount,transaction_type,merchant_category,status
TX0001,C001,2026-01-15,5200.0,CARD_PURCHASE,Travel,SUCCESS
TX0002,C001,2026-04-20,4800.0,CARD_PURCHASE,Luxury Retail,SUCCESS
TX0003,C001,2026-05-15,5600.0,CARD_PURCHASE,Travel,SUCCESS
TX0004,C001,2026-06-15,6200.0,CARD_PURCHASE,Hospitality,SUCCESS
TX0005,C001,2026-07-15,2500.0,CARD_PURCHASE,Travel,SUCCESS
TX0006,C001,2026-08-10,2350.0,CARD_PURCHASE,Dining,SUCCESS
TX0007,C001,2026-08-25,1800.0,CARD_PURCHASE,Overseas Retail,FAILED
TX0008,C001,2026-09-12,2100.0,CARD_PURCHASE,Travel,SUCCESS
TX0009,C001,2026-09-20,1600.0,CARD_PURCHASE,Overseas Retail,DECLINED
TX0010,C002,2025-12-04,3203.73,CARD_PURCHASE,Hospitality,SUCCESS
TX0011,C002,2026-02-22,2932.62,CARD_PURCHASE,Travel,SUCCESS
TX0012,C002,2026-04-23,3275.93,BILL_PAYMENT,Hospitality,SUCCESS
TX0013,C002,2026-05-28,3391.78,CARD_PURCHASE,Groceries,SUCCESS
TX0014,C002,2026-07-17,3041.91,CARD_PURCHASE,Dining,SUCCESS
TX0015,C002,2026-08-21,2890.67,BILL_PAYMENT,Groceries,SUCCESS
TX0016,C002,2026-09-15,2747.74,CARD_PURCHASE,Hospitality,SUCCESS
TX0017,C003,2025-12-04,2279.14,BILL_PAYMENT,Utilities,SUCCESS
TX0018,C003,2026-02-22,2052.39,BILL_PAYMENT,Retail,SUCCESS
TX0019,C003,2026-04-23,2363.38,CARD_PURCHASE,Travel,SUCCESS
TX0020,C003,2026-05-28,2304.62,TRANSFER,Retail,SUCCESS
TX0021,C003,2026-07-17,1109.95,TRANSFER,Dining,SUCCESS
TX0022,C003,2026-08-21,1091.73,CARD_PURCHASE,Retail,SUCCESS
TX0023,C003,2026-09-15,1310.91,BILL_PAYMENT,Retail,DECLINED
TX0024,C004,2025-12-04,4187.47,BILL_PAYMENT,Utilities,SUCCESS
TX0025,C004,2026-02-22,3933.91,TRANSFER,Dining,SUCCESS
TX0026,C004,2026-04-23,3948.71,BILL_PAYMENT,Groceries,SUCCESS
TX0027,C004,2026-05-28,4260.78,TRANSFER,Groceries,SUCCESS
TX0028,C004,2026-07-17,3973.18,CARD_PURCHASE,Dining,SUCCESS
TX0029,C004,2026-08-21,4456.04,TRANSFER,Dining,SUCCESS
TX0030,C004,2026-09-15,4655.84,CARD_PURCHASE,Utilities,SUCCESS
TX0031,C005,2025-12-04,738.44,BILL_PAYMENT,Retail,SUCCESS
TX0032,C005,2026-02-22,716.85,TRANSFER,Travel,SUCCESS
TX0033,C005,2026-04-23,811.86,BILL_PAYMENT,Hospitality,SUCCESS
TX0034,C005,2026-05-28,807.71,BILL_PAYMENT,Hospitality,SUCCESS
TX0035,C005,2026-07-17,610.67,BILL_PAYMENT,Travel,SUCCESS
TX0036,C005,2026-08-21,609.44,TRANSFER,Retail,FAILED
TX0037,C005,2026-09-15,740.89,BILL_PAYMENT,Hospitality,SUCCESS
TX0038,C006,2025-12-04,2078.02,BILL_PAYMENT,Retail,SUCCESS
TX0039,C006,2026-02-22,2218.68,CARD_PURCHASE,Travel,SUCCESS
TX0040,C006,2026-04-23,2208.33,TRANSFER,Utilities,SUCCESS
TX0041,C006,2026-05-28,1935.73,CARD_PURCHASE,Groceries,SUCCESS
TX0042,C006,2026-07-17,1609.32,TRANSFER,Travel,SUCCESS
TX0043,C006,2026-08-21,1531.06,TRANSFER,Hospitality,SUCCESS
TX0044,C006,2026-09-15,1461.42,TRANSFER,Travel,SUCCESS
TX0045,C007,2025-12-04,864.06,BILL_PAYMENT,Groceries,SUCCESS
TX0046,C007,2026-02-22,867.61,BILL_PAYMENT,Utilities,SUCCESS
TX0047,C007,2026-04-23,1007.84,TRANSFER,Retail,SUCCESS
TX0048,C007,2026-05-28,858.03,CARD_PURCHASE,Groceries,SUCCESS
TX0049,C007,2026-07-17,1102.28,CARD_PURCHASE,Dining,SUCCESS
TX0050,C007,2026-08-21,1012.02,CARD_PURCHASE,Hospitality,SUCCESS
TX0051,C007,2026-09-15,1083.38,CARD_PURCHASE,Utilities,SUCCESS
TX0052,C008,2025-12-04,2769.03,TRANSFER,Groceries,SUCCESS
TX0053,C008,2026-02-22,2679.97,BILL_PAYMENT,Dining,SUCCESS
TX0054,C008,2026-04-23,2973.31,CARD_PURCHASE,Hospitality,SUCCESS
TX0055,C008,2026-05-28,3113.2,TRANSFER,Hospitality,SUCCESS
TX0056,C008,2026-07-17,1781.44,TRANSFER,Utilities,DECLINED
TX0057,C008,2026-08-21,1700.52,CARD_PURCHASE,Hospitality,SUCCESS
TX0058,C008,2026-09-15,2019.6,TRANSFER,Groceries,SUCCESS
TX0059,C009,2025-12-04,2497.75,BILL_PAYMENT,Dining,SUCCESS
TX0060,C009,2026-02-22,2558.97,TRANSFER,Hospitality,SUCCESS
TX0061,C009,2026-04-23,2354.32,CARD_PURCHASE,Travel,SUCCESS
TX0062,C009,2026-05-28,2278.89,CARD_PURCHASE,Groceries,SUCCESS
TX0063,C009,2026-07-17,2736.06,BILL_PAYMENT,Dining,SUCCESS
TX0064,C009,2026-08-21,2526.09,TRANSFER,Dining,SUCCESS
TX0065,C009,2026-09-15,2237.65,TRANSFER,Retail,SUCCESS
TX0066,C010,2025-12-04,4312.36,CARD_PURCHASE,Groceries,SUCCESS
TX0067,C010,2026-02-22,5093.43,CARD_PURCHASE,Hospitality,SUCCESS
TX0068,C010,2026-04-23,4584.53,CARD_PURCHASE,Groceries,SUCCESS
TX0069,C010,2026-05-28,4893.48,CARD_PURCHASE,Hospitality,SUCCESS
TX0070,C010,2026-07-17,4206.89,BILL_PAYMENT,Travel,SUCCESS
TX0071,C010,2026-08-21,3993.37,BILL_PAYMENT,Utilities,SUCCESS
TX0072,C010,2026-09-15,4703.64,BILL_PAYMENT,Hospitality,SUCCESS
TX0073,C011,2025-12-04,710.99,BILL_PAYMENT,Retail,SUCCESS
TX0074,C011,2026-02-22,663.52,BILL_PAYMENT,Hospitality,SUCCESS
TX0075,C011,2026-04-23,659.34,BILL_PAYMENT,Utilities,SUCCESS
TX0076,C011,2026-05-28,618.15,CARD_PURCHASE,Dining,SUCCESS
TX0077,C011,2026-07-17,274.5,BILL_PAYMENT,Groceries,SUCCESS
TX0078,C011,2026-08-21,267.1,CARD_PURCHASE,Dining,FAILED
TX0079,C011,2026-09-15,256.19,BILL_PAYMENT,Dining,DECLINED
TX0080,C012,2025-12-04,2524.35,CARD_PURCHASE,Retail,SUCCESS
TX0081,C012,2026-02-22,2421.92,CARD_PURCHASE,Retail,SUCCESS
TX0082,C012,2026-04-23,2809.5,CARD_PURCHASE,Groceries,SUCCESS
TX0083,C012,2026-05-28,2461.74,BILL_PAYMENT,Groceries,SUCCESS
TX0084,C012,2026-07-17,3165.1,TRANSFER,Utilities,SUCCESS
TX0085,C012,2026-08-21,2949.28,CARD_PURCHASE,Hospitality,SUCCESS
TX0086,C012,2026-09-15,3133.28,TRANSFER,Utilities,SUCCESS
TX0087,C013,2025-12-04,2083.38,BILL_PAYMENT,Dining,SUCCESS
TX0088,C013,2026-02-22,2187.38,BILL_PAYMENT,Dining,SUCCESS
TX0089,C013,2026-04-23,1878.55,BILL_PAYMENT,Retail,SUCCESS
TX0090,C013,2026-05-28,2251.5,CARD_PURCHASE,Travel,SUCCESS
TX0091,C013,2026-07-17,1516.76,BILL_PAYMENT,Utilities,DECLINED
TX0092,C013,2026-08-21,1496.55,CARD_PURCHASE,Retail,SUCCESS
TX0093,C013,2026-09-15,1623.31,CARD_PURCHASE,Utilities,SUCCESS
TX0094,C014,2025-12-04,902.1,BILL_PAYMENT,Dining,SUCCESS
TX0095,C014,2026-02-22,749.4,BILL_PAYMENT,Dining,SUCCESS
TX0096,C014,2026-04-23,934.55,CARD_PURCHASE,Travel,SUCCESS
TX0097,C014,2026-05-28,821.13,TRANSFER,Travel,SUCCESS
TX0098,C014,2026-07-17,986.59,CARD_PURCHASE,Travel,SUCCESS
TX0099,C014,2026-08-21,880.85,TRANSFER,Retail,SUCCESS
TX0100,C014,2026-09-15,1000.06,TRANSFER,Retail,SUCCESS
